{"cameraMode":{"drawMode":0,"name":"Shaded","section":"Shading Mode"},"sceneLighting":false,"audioPlay":false,"sceneViewState":{"showFog":true,"showMaterialUpdate":false,"showSkybox":false,"showFlares":true,"showImageEffects":true,"showParticleSystems":true},"in2DMode":false,"pivot":{"x":0.009002685546875,"y":0.2405548095703125,"z":-0.11636297404766083},"rotation":{"x":-0.09218297153711319,"y":-0.001898655784316361,"z":0.00018212619761470705,"w":-0.995785117149353},"size":2.0699303150177,"orthographic":false}