{"cameraMode":{"drawMode":0,"name":"Shaded","section":"Shading Mode"},"sceneLighting":false,"audioPlay":false,"sceneViewState":{"showFog":true,"showMaterialUpdate":false,"showSkybox":false,"showFlares":true,"showImageEffects":true,"showParticleSystems":true},"in2DMode":false,"pivot":{"x":0.0,"y":0.3651885986328125,"z":-0.07383307814598084},"rotation":{"x":-0.09218297153711319,"y":-0.001898655784316361,"z":0.00018212619761470705,"w":-0.995785117149353},"size":1.9127219915390015,"orthographic":false}