{"cameraMode":{"drawMode":0,"name":"Shaded","section":"Shading Mode"},"sceneLighting":false,"audioPlay":false,"sceneViewState":{"showFog":true,"showMaterialUpdate":false,"showSkybox":false,"showFlares":true,"showImageEffects":true,"showParticleSystems":true},"in2DMode":false,"pivot":{"x":0.0,"y":0.1850433349609375,"z":0.12609180808067323},"rotation":{"x":-0.09218297153711319,"y":-0.001898655784316361,"z":0.00018212619761470705,"w":-0.995785117149353},"size":2.3935089111328127,"orthographic":false}