{"cameraMode":{"drawMode":0,"name":"Shaded","section":"Shading Mode"},"sceneLighting":false,"audioPlay":false,"sceneViewState":{"showFog":true,"showMaterialUpdate":false,"showSkybox":false,"showFlares":true,"showImageEffects":true,"showParticleSystems":true},"in2DMode":false,"pivot":{"x":0.6800000071525574,"y":2.9600000381469728,"z":15.710000038146973},"rotation":{"x":-0.09218297153711319,"y":-0.001898655784316361,"z":0.00018212619761470705,"w":-0.995785117149353},"size":10.0,"orthographic":false}