{"cameraMode":{"drawMode":0,"name":"Shaded","section":"Shading Mode"},"sceneLighting":false,"audioPlay":false,"sceneViewState":{"showFog":true,"showMaterialUpdate":false,"showSkybox":false,"showFlares":true,"showImageEffects":true,"showParticleSystems":true},"in2DMode":false,"pivot":{"x":0.0,"y":0.3813018798828125,"z":0.06502945721149445},"rotation":{"x":-0.09218297153711319,"y":-0.001898655784316361,"z":0.00018212619761470705,"w":-0.995785117149353},"size":2.4140400886535646,"orthographic":false}